module_name,TEST_DATAdex,TEST_DATAmTEST
Linkset,0,TEST_DATA_44TEST
Linkset,1,TEST_DATA_44TEST
IP,0,TEST_DATATEST
IP,1,TEST_DATAlTEST
IP,2,TEST_DATAteTEST
IP,3,TEST_DATATEST
IP,4,TEST_DATA-TP260-0_mTEST
IP,6,TEST_DATAMTEST
Call_Control,0,TEST_DATA7_CTEST
Call_Control,1,TEST_DATAP_CTEST
Hunt_Group,0,TEST_DATAP_SBTEST
Hunt_Group,1,TEST_DATA-43TEST
Hunt_Group,2,TEST_DATA-43TEST
Routing_Criteria,0,TEST_DATA7-SITEST
Db_Parameter,0,TEST_DATA7-SIP_dbTEST
Db_Parameter,1,TEST_DATA7-SIP_dbTEST
Db_Parameter,2,TEST_DATAd31_NAT_TEST
Db_Parameter,3,TEST_DATAave-31_INT_TEST
Db_Parameter,4,TEST_DATAd31_NAT_TEST
Db_Parameter,5,TEST_DATAd31_NAT_TEST
Db_Parameter,6,TEST_DATAave-31_INT_TEST
Db_Parameter,7,TEST_DATAave-31_INT_TEST
Db_Parameter,8,TEST_DATAmoveTEST_DATAlling_PluTEST
Db_Parameter,9,TEST_DATAange_PTEST
Db_Parameter,10,TEST_DATAange_PN_TEST
Db_Parameter,11,TEST_DATAd31_NAT_CGPN_TEST
Db_Parameter,12,TEST_DATAd31_NAT_CGPN_TEST
Db_Parameter,13,TEST_DATAd31_NAT_CGPN_TEST
Db_Parameter,14,TEST_DATAp4TEST
Db_Parameter,15,TEST_DATAPN-Set-NationaTEST
SS7_Stack,0,TEST_DATAC_43TEST
SS7_Stack,1,TEST_DATAC_43TEST
Protocol,0,TEST_DATA7_CC_protocoTEST
Media_Gateway,0,TEST_DATA-TP260-TEST
VoIP_Stack,0,TEST_DATATEST
VoIP_Stack,1,TEST_DATA2TEST
VoIP_Destination,0,TEST_DATAP_SBTEST
SCTP,0,TEST_DATATP_TEST
ASP,0,TEST_DATATP_TEST
ASP,0,TEST_DATATP_TEST
AS,0,TEST_DATA260_TEST
SQL,0,TEST_DATATEST